{"cameraMode":{"drawMode":0,"name":"Shaded","section":"Shading Mode"},"sceneLighting":true,"audioPlay":false,"sceneViewState":{"m_AlwaysRefresh":false,"showFog":true,"showSkybox":true,"showFlares":true,"showImageEffects":true,"showParticleSystems":true,"showVisualEffectGraphs":true,"m_FxEnabled":true},"in2DMode":false,"pivot":{"x":8.819112777709961,"y":1.954874873161316,"z":-3.769285202026367},"rotation":{"x":0.019237106665968896,"y":-0.9321181774139404,"z":-0.050098828971385959,"w":-0.35820871591567995},"size":0.3140881657600403,"orthographic":false}